Equipo,Zona,Resultado,Fuera,Bloqueado,Parado,Gol,Palo,TirosTotales,%Gol,%Fuera,%Bloqueado,%Palo,%Parado
Alaves,2,V,0,1,0,0,0,1,0.0,0.0,100.0,0.0,0.0
Alaves,4,D,2,0,0,0,0,2,0.0,100.0,0.0,0.0,0.0
Alaves,7,D,1,0,0,0,0,1,0.0,100.0,0.0,0.0,0.0
Alaves,7,E,0,0,0,1,0,1,100.0,0.0,0.0,0.0,0.0
Alaves,7,V,0,1,2,0,0,3,0.0,0.0,33.33,0.0,66.67
Alaves,8,D,3,2,5,0,0,10,0.0,30.0,20.0,0.0,50.0
Alaves,8,E,0,4,2,0,0,6,0.0,0.0,66.67,0.0,33.33
Alaves,8,V,1,0,0,0,0,1,0.0,100.0,0.0,0.0,0.0
Alaves,9,D,5,3,0,0,0,8,0.0,62.5,37.5,0.0,0.0
Alaves,9,E,1,2,0,0,0,3,0.0,33.33,66.67,0.0,0.0
Alaves,9,V,1,1,1,0,0,3,0.0,33.33,33.33,0.0,33.33
Alaves,10,D,0,1,1,0,0,2,0.0,0.0,50.0,0.0,50.0
Alaves,12,D,1,3,1,0,0,5,0.0,20.0,60.0,0.0,20.0
Alaves,12,E,3,2,1,1,0,7,14.29,42.86,28.57,0.0,14.29
Alaves,12,V,2,1,5,0,0,8,0.0,25.0,12.5,0.0,62.5
Alaves,13,D,11,2,1,3,0,17,17.65,64.71,11.76,0.0,5.88
Alaves,13,E,1,1,2,1,1,6,16.67,16.67,16.67,16.67,33.33
Alaves,13,V,7,2,3,5,1,18,27.78,38.89,11.11,5.56,16.67
Alaves,14,D,2,3,6,1,0,12,8.33,16.67,25.0,0.0,50.0
Alaves,14,E,2,0,3,0,0,5,0.0,40.0,0.0,0.0,60.0
Alaves,14,V,4,1,6,2,0,13,15.38,30.77,7.69,0.0,46.15
Alaves,17,D,2,0,2,1,0,5,20.0,40.0,0.0,0.0,40.0
Alaves,17,E,1,0,0,0,0,1,0.0,100.0,0.0,0.0,0.0
Alaves,17,V,0,0,1,0,0,1,0.0,0.0,0.0,0.0,100.0
Alaves,18,D,5,3,0,0,1,9,0.0,55.56,33.33,11.11,0.0
Alaves,18,E,0,3,0,1,0,4,25.0,0.0,75.0,0.0,0.0
Alaves,18,V,2,1,3,3,1,10,30.0,20.0,10.0,10.0,30.0
Alaves,19,D,2,0,1,0,0,3,0.0,66.67,0.0,0.0,33.33
Alaves,19,E,0,2,0,0,0,2,0.0,0.0,100.0,0.0,0.0
Alaves,19,V,1,0,1,0,0,2,0.0,50.0,0.0,0.0,50.0
Athletic Club,2,E,1,0,0,0,0,1,0.0,100.0,0.0,0.0,0.0
Athletic Club,2,V,1,0,0,0,0,1,0.0,100.0,0.0,0.0,0.0
Athletic Club,3,E,1,0,0,0,0,1,0.0,100.0,0.0,0.0,0.0
Athletic Club,4,E,1,0,0,0,0,1,0.0,100.0,0.0,0.0,0.0
Athletic Club,7,D,3,1,1,0,0,5,0.0,60.0,20.0,0.0,20.0
Athletic Club,7,E,2,2,2,0,0,6,0.0,33.33,33.33,0.0,33.33
Athletic Club,7,V,2,1,0,0,0,3,0.0,66.67,33.33,0.0,0.0
Athletic Club,8,D,4,3,2,0,0,9,0.0,44.44,33.33,0.0,22.22
Athletic Club,8,E,4,3,3,0,0,10,0.0,40.0,30.0,0.0,30.0
Athletic Club,8,V,5,3,2,0,0,10,0.0,50.0,30.0,0.0,20.0
Athletic Club,9,D,4,2,3,0,0,9,0.0,44.44,22.22,0.0,33.33
Athletic Club,9,E,4,1,1,0,0,6,0.0,66.67,16.67,0.0,16.67
Athletic Club,9,V,4,4,4,1,1,14,7.14,28.57,28.57,7.14,28.57
Athletic Club,11,D,0,0,1,0,0,1,0.0,0.0,0.0,0.0,100.0
Athletic Club,11,E,0,0,2,0,0,2,0.0,0.0,0.0,0.0,100.0
Athletic Club,11,V,2,0,0,0,0,2,0.0,100.0,0.0,0.0,0.0
Athletic Club,12,D,6,1,1,0,0,8,0.0,75.0,12.5,0.0,12.5
Athletic Club,12,E,2,2,2,1,0,7,14.29,28.57,28.57,0.0,28.57
Athletic Club,12,V,2,2,4,3,0,11,27.27,18.18,18.18,0.0,36.36
Athletic Club,13,D,7,1,6,0,2,16,0.0,43.75,6.25,12.5,37.5
Athletic Club,13,E,1,5,3,2,0,11,18.18,9.09,45.45,0.0,27.27
Athletic Club,13,V,6,1,10,5,0,22,22.73,27.27,4.55,0.0,45.45
Athletic Club,14,D,1,0,3,0,0,4,0.0,25.0,0.0,0.0,75.0
Athletic Club,14,E,2,1,2,0,0,5,0.0,40.0,20.0,0.0,40.0
Athletic Club,14,V,3,3,4,0,0,10,0.0,30.0,30.0,0.0,40.0
Athletic Club,16,E,1,0,0,0,0,1,0.0,100.0,0.0,0.0,0.0
Athletic Club,17,D,3,0,1,2,0,6,33.33,50.0,0.0,0.0,16.67
Athletic Club,17,E,0,6,2,0,0,8,0.0,0.0,75.0,0.0,25.0
Athletic Club,17,V,1,1,3,0,0,5,0.0,20.0,20.0,0.0,60.0
Athletic Club,18,D,0,0,1,0,0,1,0.0,0.0,0.0,0.0,100.0
Athletic Club,18,E,2,2,2,2,0,8,25.0,25.0,25.0,0.0,25.0
Athletic Club,18,V,6,0,1,7,2,16,43.75,37.5,0.0,12.5,6.25
Athletic Club,19,D,3,1,2,0,1,7,0.0,42.86,14.29,14.29,28.57
Athletic Club,19,E,3,0,1,0,0,4,0.0,75.0,0.0,0.0,25.0
Athletic Club,19,V,2,1,2,0,0,5,0.0,40.0,20.0,0.0,40.0
Atletico Madrid,2,V,0,0,1,0,0,1,0.0,0.0,0.0,0.0,100.0
Atletico Madrid,4,V,1,0,0,0,0,1,0.0,100.0,0.0,0.0,0.0
Atletico Madrid,5,E,1,0,0,0,0,1,0.0,100.0,0.0,0.0,0.0
Atletico Madrid,5,V,0,0,1,0,0,1,0.0,0.0,0.0,0.0,100.0
Atletico Madrid,7,D,1,2,1,0,0,4,0.0,25.0,50.0,0.0,25.0
Atletico Madrid,7,E,3,2,2,0,0,7,0.0,42.86,28.57,0.0,28.57
Atletico Madrid,7,V,3,3,2,1,0,9,11.11,33.33,33.33,0.0,22.22
Atletico Madrid,8,D,1,2,0,0,0,3,0.0,33.33,66.67,0.0,0.0
Atletico Madrid,8,E,5,5,1,1,0,12,8.33,41.67,41.67,0.0,8.33
Atletico Madrid,8,V,9,6,2,1,0,18,5.56,50.0,33.33,0.0,11.11
Atletico Madrid,9,D,1,1,0,0,0,2,0.0,50.0,50.0,0.0,0.0
Atletico Madrid,9,E,5,3,2,0,0,10,0.0,50.0,30.0,0.0,20.0
Atletico Madrid,9,V,0,3,6,1,0,10,10.0,0.0,30.0,0.0,60.0
Atletico Madrid,12,D,1,0,0,0,0,1,0.0,100.0,0.0,0.0,0.0
Atletico Madrid,12,E,5,1,1,0,0,7,0.0,71.43,14.29,0.0,14.29
Atletico Madrid,12,V,2,3,3,2,0,10,20.0,20.0,30.0,0.0,30.0
Atletico Madrid,13,D,2,3,1,0,0,6,0.0,33.33,50.0,0.0,16.67
Atletico Madrid,13,E,12,3,4,2,0,21,9.52,57.14,14.29,0.0,19.05
Atletico Madrid,13,V,14,8,12,8,0,42,19.05,33.33,19.05,0.0,28.57
Atletico Madrid,14,D,1,0,0,0,0,1,0.0,100.0,0.0,0.0,0.0
Atletico Madrid,14,E,7,6,4,1,1,19,5.26,36.84,31.58,5.26,21.05
Atletico Madrid,14,V,6,3,5,0,1,15,0.0,40.0,20.0,6.67,33.33
Atletico Madrid,17,D,0,2,1,0,1,4,0.0,0.0,50.0,25.0,25.0
Atletico Madrid,17,E,2,1,3,0,0,6,0.0,33.33,16.67,0.0,50.0
Atletico Madrid,17,V,4,1,1,2,1,9,22.22,44.44,11.11,11.11,11.11
Atletico Madrid,18,D,3,0,2,0,0,5,0.0,60.0,0.0,0.0,40.0
Atletico Madrid,18,E,10,4,3,4,1,22,18.18,45.45,18.18,4.55,13.64
Atletico Madrid,18,V,7,1,4,10,0,22,45.45,31.82,4.55,0.0,18.18
Atletico Madrid,19,E,2,1,1,1,0,5,20.0,40.0,20.0,0.0,20.0
Atletico Madrid,19,V,1,1,1,1,0,4,25.0,25.0,25.0,0.0,25.0
Barcelona,1,D,1,0,0,0,0,1,0.0,100.0,0.0,0.0,0.0
Barcelona,1,V,0,0,1,0,0,1,0.0,0.0,0.0,0.0,100.0
Barcelona,3,V,1,0,0,0,0,1,0.0,100.0,0.0,0.0,0.0
Barcelona,7,D,0,1,1,0,0,2,0.0,0.0,50.0,0.0,50.0
Barcelona,7,E,2,2,2,0,0,6,0.0,33.33,33.33,0.0,33.33
Barcelona,7,V,6,3,2,1,0,12,8.33,50.0,25.0,0.0,16.67
Barcelona,8,D,1,3,2,0,0,6,0.0,16.67,50.0,0.0,33.33
Barcelona,8,E,7,1,2,0,0,10,0.0,70.0,10.0,0.0,20.0
Barcelona,8,V,8,11,13,7,0,39,17.95,20.51,28.21,0.0,33.33
Barcelona,9,D,1,2,0,0,0,3,0.0,33.33,66.67,0.0,0.0
Barcelona,9,E,1,0,2,0,0,3,0.0,33.33,0.0,0.0,66.67
Barcelona,9,V,2,4,3,2,0,11,18.18,18.18,36.36,0.0,27.27
Barcelona,12,D,0,2,3,0,0,5,0.0,0.0,40.0,0.0,60.0
Barcelona,12,E,0,3,1,0,1,5,0.0,0.0,60.0,20.0,20.0
Barcelona,12,V,8,3,6,5,3,25,20.0,32.0,12.0,12.0,24.0
Barcelona,13,D,2,7,3,0,0,12,0.0,16.67,58.33,0.0,25.0
Barcelona,13,E,2,3,4,4,1,14,28.57,14.29,21.43,7.14,28.57
Barcelona,13,V,18,9,25,19,0,71,26.76,25.35,12.68,0.0,35.21
Barcelona,14,D,6,2,2,0,1,11,0.0,54.55,18.18,9.09,18.18
Barcelona,14,E,1,6,1,1,0,9,11.11,11.11,66.67,0.0,11.11
Barcelona,14,V,7,10,10,6,0,33,18.18,21.21,30.3,0.0,30.3
Barcelona,17,D,0,0,1,0,0,1,0.0,0.0,0.0,0.0,100.0
Barcelona,17,V,7,3,7,0,1,18,0.0,38.89,16.67,5.56,38.89
Barcelona,18,D,0,0,3,0,1,4,0.0,0.0,0.0,25.0,75.0
Barcelona,18,E,3,0,0,2,0,5,40.0,60.0,0.0,0.0,0.0
Barcelona,18,V,6,3,7,16,1,33,48.48,18.18,9.09,3.03,21.21
Barcelona,19,D,0,1,0,0,0,1,0.0,0.0,100.0,0.0,0.0
Barcelona,19,E,1,0,0,0,0,1,0.0,100.0,0.0,0.0,0.0
Barcelona,19,V,4,3,9,2,0,18,11.11,22.22,16.67,0.0,50.0
Celta Vigo,4,D,0,1,0,0,0,1,0.0,0.0,100.0,0.0,0.0
Celta Vigo,5,E,1,0,0,0,0,1,0.0,100.0,0.0,0.0,0.0
Celta Vigo,7,D,5,1,1,0,0,7,0.0,71.43,14.29,0.0,14.29
Celta Vigo,7,E,4,3,1,0,0,8,0.0,50.0,37.5,0.0,12.5
Celta Vigo,7,V,0,0,1,1,0,2,50.0,0.0,0.0,0.0,50.0
Celta Vigo,8,D,3,2,3,0,0,8,0.0,37.5,25.0,0.0,37.5
Celta Vigo,8,E,3,5,5,1,0,14,7.14,21.43,35.71,0.0,35.71
Celta Vigo,8,V,3,1,0,0,0,4,0.0,75.0,25.0,0.0,0.0
Celta Vigo,9,D,1,1,3,0,0,5,0.0,20.0,20.0,0.0,60.0
Celta Vigo,9,E,1,3,2,0,0,6,0.0,16.67,50.0,0.0,33.33
Celta Vigo,9,V,1,2,2,0,0,5,0.0,20.0,40.0,0.0,40.0
Celta Vigo,10,D,0,1,0,0,0,1,0.0,0.0,100.0,0.0,0.0
Celta Vigo,12,D,4,5,5,1,0,15,6.67,26.67,33.33,0.0,33.33
Celta Vigo,12,E,2,6,6,1,0,15,6.67,13.33,40.0,0.0,40.0
Celta Vigo,12,V,1,2,2,0,0,5,0.0,20.0,40.0,0.0,40.0
Celta Vigo,13,D,6,5,5,0,0,16,0.0,37.5,31.25,0.0,31.25
Celta Vigo,13,E,12,4,7,5,0,28,17.86,42.86,14.29,0.0,25.0
Celta Vigo,13,V,3,3,2,2,0,10,20.0,30.0,30.0,0.0,20.0
Celta Vigo,14,D,5,2,3,0,0,10,0.0,50.0,20.0,0.0,30.0
Celta Vigo,14,E,2,1,4,0,0,7,0.0,28.57,14.29,0.0,57.14
Celta Vigo,14,V,1,3,4,2,0,10,20.0,10.0,30.0,0.0,40.0
Celta Vigo,15,D,0,0,0,1,0,1,100.0,0.0,0.0,0.0,0.0
Celta Vigo,17,D,3,0,1,1,0,5,20.0,60.0,0.0,0.0,20.0
Celta Vigo,17,E,1,0,4,0,0,5,0.0,20.0,0.0,0.0,80.0
Celta Vigo,17,V,1,0,0,1,0,2,50.0,50.0,0.0,0.0,0.0
Celta Vigo,18,D,3,2,1,1,0,7,14.29,42.86,28.57,0.0,14.29
Celta Vigo,18,E,2,1,3,2,0,8,25.0,25.0,12.5,0.0,37.5
Celta Vigo,18,V,4,0,0,2,0,6,33.33,66.67,0.0,0.0,0.0
Celta Vigo,19,D,2,0,1,0,0,3,0.0,66.67,0.0,0.0,33.33
Celta Vigo,19,E,1,1,5,0,0,7,0.0,14.29,14.29,0.0,71.43
Celta Vigo,19,V,1,1,0,0,0,2,0.0,50.0,50.0,0.0,0.0
Eibar,1,V,0,0,1,0,0,1,0.0,0.0,0.0,0.0,100.0
Eibar,2,V,0,0,1,0,0,1,0.0,0.0,0.0,0.0,100.0
Eibar,3,D,1,0,0,0,0,1,0.0,100.0,0.0,0.0,0.0
Eibar,6,D,1,0,0,0,0,1,0.0,100.0,0.0,0.0,0.0
Eibar,7,D,3,5,2,0,1,11,0.0,27.27,45.45,9.09,18.18
Eibar,7,E,1,0,1,0,0,2,0.0,50.0,0.0,0.0,50.0
Eibar,7,V,4,0,2,1,0,7,14.29,57.14,0.0,0.0,28.57
Eibar,8,D,6,7,6,1,0,20,5.0,30.0,35.0,0.0,30.0
Eibar,8,E,1,2,2,0,0,5,0.0,20.0,40.0,0.0,40.0
Eibar,8,V,4,3,5,0,0,12,0.0,33.33,25.0,0.0,41.67
Eibar,9,D,7,6,3,1,0,17,5.88,41.18,35.29,0.0,17.65
Eibar,9,E,3,1,1,0,0,5,0.0,60.0,20.0,0.0,20.0
Eibar,9,V,4,2,2,0,0,8,0.0,50.0,25.0,0.0,25.0
Eibar,10,D,0,1,0,0,0,1,0.0,0.0,100.0,0.0,0.0
Eibar,10,V,0,0,1,0,0,1,0.0,0.0,0.0,0.0,100.0
Eibar,11,D,0,0,1,0,0,1,0.0,0.0,0.0,0.0,100.0
Eibar,12,D,3,2,2,0,0,7,0.0,42.86,28.57,0.0,28.57
Eibar,12,V,3,3,4,1,0,11,9.09,27.27,27.27,0.0,36.36
Eibar,13,D,10,9,6,2,0,27,7.41,37.04,33.33,0.0,22.22
Eibar,13,E,5,1,4,0,0,10,0.0,50.0,10.0,0.0,40.0
Eibar,13,V,7,1,4,4,0,16,25.0,43.75,6.25,0.0,25.0
Eibar,14,D,4,2,5,0,0,11,0.0,36.36,18.18,0.0,45.45
Eibar,14,E,0,2,1,0,0,3,0.0,0.0,66.67,0.0,33.33
Eibar,14,V,1,3,3,0,0,7,0.0,14.29,42.86,0.0,42.86
Eibar,17,D,3,1,0,0,0,4,0.0,75.0,25.0,0.0,0.0
Eibar,17,E,0,2,1,0,0,3,0.0,0.0,66.67,0.0,33.33
Eibar,17,V,1,0,4,2,0,7,28.57,14.29,0.0,0.0,57.14
Eibar,18,D,5,4,2,1,0,12,8.33,41.67,33.33,0.0,16.67
Eibar,18,E,6,2,1,1,0,10,10.0,60.0,20.0,0.0,10.0
Eibar,18,V,6,1,1,4,1,13,30.77,46.15,7.69,7.69,7.69
Eibar,19,D,1,1,0,0,1,3,0.0,33.33,33.33,33.33,0.0
Eibar,19,E,0,0,1,0,0,1,0.0,0.0,0.0,0.0,100.0
Eibar,19,V,1,0,0,1,0,2,50.0,50.0,0.0,0.0,0.0
Espanyol,1,D,1,0,0,0,0,1,0.0,100.0,0.0,0.0,0.0
Espanyol,2,D,0,0,1,0,0,1,0.0,0.0,0.0,0.0,100.0
Espanyol,3,D,2,0,0,0,0,2,0.0,100.0,0.0,0.0,0.0
Espanyol,3,E,1,0,0,0,0,1,0.0,100.0,0.0,0.0,0.0
Espanyol,4,D,3,0,0,0,0,3,0.0,100.0,0.0,0.0,0.0
Espanyol,4,E,1,0,0,0,0,1,0.0,100.0,0.0,0.0,0.0
Espanyol,7,D,10,7,4,1,0,22,4.55,45.45,31.82,0.0,18.18
Espanyol,7,E,2,1,2,0,0,5,0.0,40.0,20.0,0.0,40.0
Espanyol,7,V,2,0,0,0,0,2,0.0,100.0,0.0,0.0,0.0
Espanyol,8,D,2,4,4,0,0,10,0.0,20.0,40.0,0.0,40.0
Espanyol,8,E,2,2,1,0,0,5,0.0,40.0,40.0,0.0,20.0
Espanyol,8,V,2,2,1,0,0,5,0.0,40.0,40.0,0.0,20.0
Espanyol,9,D,6,7,5,0,1,19,0.0,31.58,36.84,5.26,26.32
Espanyol,9,E,0,0,1,0,0,1,0.0,0.0,0.0,0.0,100.0
Espanyol,9,V,4,0,2,0,0,6,0.0,66.67,0.0,0.0,33.33
Espanyol,10,D,1,0,0,0,0,1,0.0,100.0,0.0,0.0,0.0
Espanyol,12,D,7,7,1,0,0,15,0.0,46.67,46.67,0.0,6.67
Espanyol,12,E,3,0,0,0,0,3,0.0,100.0,0.0,0.0,0.0
Espanyol,12,V,2,1,2,0,0,5,0.0,40.0,20.0,0.0,40.0
Espanyol,13,D,18,8,9,1,1,37,2.7,48.65,21.62,2.7,24.32
Espanyol,13,E,3,2,7,3,0,15,20.0,20.0,13.33,0.0,46.67
Espanyol,13,V,3,0,2,1,0,6,16.67,50.0,0.0,0.0,33.33
Espanyol,14,D,4,5,2,0,0,11,0.0,36.36,45.45,0.0,18.18
Espanyol,14,E,1,3,0,0,0,4,0.0,25.0,75.0,0.0,0.0
Espanyol,14,V,3,3,2,0,0,8,0.0,37.5,37.5,0.0,25.0
Espanyol,17,D,3,5,2,0,1,11,0.0,27.27,45.45,9.09,18.18
Espanyol,17,E,2,1,0,1,0,4,25.0,50.0,25.0,0.0,0.0
Espanyol,17,V,1,1,1,0,0,3,0.0,33.33,33.33,0.0,33.33
Espanyol,18,D,11,1,4,1,1,18,5.56,61.11,5.56,5.56,22.22
Espanyol,18,E,2,2,0,1,0,5,20.0,40.0,40.0,0.0,0.0
Espanyol,18,V,1,2,1,4,0,8,50.0,12.5,25.0,0.0,12.5
Espanyol,19,D,0,4,1,0,0,5,0.0,0.0,80.0,0.0,20.0
Espanyol,19,V,0,0,3,0,0,3,0.0,0.0,0.0,0.0,100.0
Getafe,1,V,1,0,0,0,0,1,0.0,100.0,0.0,0.0,0.0
Getafe,2,V,1,1,1,0,0,3,0.0,33.33,33.33,0.0,33.33
Getafe,3,E,1,0,0,0,0,1,0.0,100.0,0.0,0.0,0.0
Getafe,3,V,0,0,1,0,0,1,0.0,0.0,0.0,0.0,100.0
Getafe,4,E,0,1,0,0,0,1,0.0,0.0,100.0,0.0,0.0
Getafe,6,E,0,1,0,0,0,1,0.0,0.0,100.0,0.0,0.0
Getafe,7,D,2,2,2,0,0,6,0.0,33.33,33.33,0.0,33.33
Getafe,7,E,4,3,1,0,0,8,0.0,50.0,37.5,0.0,12.5
Getafe,7,V,3,0,2,0,0,5,0.0,60.0,0.0,0.0,40.0
Getafe,8,D,3,3,0,1,0,7,14.29,42.86,42.86,0.0,0.0
Getafe,8,E,1,5,3,0,0,9,0.0,11.11,55.56,0.0,33.33
Getafe,8,V,1,5,2,0,0,8,0.0,12.5,62.5,0.0,25.0
Getafe,9,D,3,1,2,0,0,6,0.0,50.0,16.67,0.0,33.33
Getafe,9,E,3,3,0,0,1,7,0.0,42.86,42.86,14.29,0.0
Getafe,9,V,2,1,2,0,0,5,0.0,40.0,20.0,0.0,40.0
Getafe,12,D,2,3,2,0,0,7,0.0,28.57,42.86,0.0,28.57
Getafe,12,E,2,3,3,0,0,8,0.0,25.0,37.5,0.0,37.5
Getafe,12,V,5,3,3,1,0,12,8.33,41.67,25.0,0.0,25.0
Getafe,13,D,8,0,5,1,0,14,7.14,57.14,0.0,0.0,35.71
Getafe,13,E,16,5,6,3,1,31,9.68,51.61,16.13,3.23,19.35
Getafe,13,V,7,1,6,3,0,17,17.65,41.18,5.88,0.0,35.29
Getafe,14,D,4,4,0,0,0,8,0.0,50.0,50.0,0.0,0.0
Getafe,14,E,7,3,1,1,1,13,7.69,53.85,23.08,7.69,7.69
Getafe,14,V,1,4,3,2,1,11,18.18,9.09,36.36,9.09,27.27
Getafe,15,D,1,0,0,0,0,1,0.0,100.0,0.0,0.0,0.0
Getafe,17,E,1,0,1,0,0,2,0.0,50.0,0.0,0.0,50.0
Getafe,17,V,2,1,2,1,0,6,16.67,33.33,16.67,0.0,33.33
Getafe,18,D,3,1,3,0,0,7,0.0,42.86,14.29,0.0,42.86
Getafe,18,E,7,3,0,3,0,13,23.08,53.85,23.08,0.0,0.0
Getafe,18,V,3,0,1,10,0,14,71.43,21.43,0.0,0.0,7.14
Getafe,19,D,1,0,2,0,0,3,0.0,33.33,0.0,0.0,66.67
Getafe,19,E,2,0,3,0,2,7,0.0,28.57,0.0,28.57,42.86
Getafe,19,V,0,0,2,1,0,3,33.33,0.0,0.0,0.0,66.67
Granada,2,V,1,0,0,0,0,1,0.0,100.0,0.0,0.0,0.0
Granada,3,V,1,0,0,0,0,1,0.0,100.0,0.0,0.0,0.0
Granada,4,D,0,1,0,0,0,1,0.0,0.0,100.0,0.0,0.0
Granada,7,D,3,4,2,0,0,9,0.0,33.33,44.44,0.0,22.22
Granada,7,E,2,2,1,0,0,5,0.0,40.0,40.0,0.0,20.0
Granada,7,V,6,2,1,2,0,11,18.18,54.55,18.18,0.0,9.09
Granada,8,D,6,2,0,0,1,9,0.0,66.67,22.22,11.11,0.0
Granada,8,E,1,2,0,0,0,3,0.0,33.33,66.67,0.0,0.0
Granada,8,V,0,0,1,3,1,5,60.0,0.0,0.0,20.0,20.0
Granada,9,D,4,5,1,0,0,10,0.0,40.0,50.0,0.0,10.0
Granada,9,E,1,2,3,0,0,6,0.0,16.67,33.33,0.0,50.0
Granada,9,V,7,2,5,0,0,14,0.0,50.0,14.29,0.0,35.71
Granada,12,D,0,1,0,0,1,2,0.0,0.0,50.0,50.0,0.0
Granada,12,E,2,0,2,0,0,4,0.0,50.0,0.0,0.0,50.0
Granada,12,V,2,1,1,1,0,5,20.0,40.0,20.0,0.0,20.0
Granada,13,D,11,3,4,0,0,18,0.0,61.11,16.67,0.0,22.22
Granada,13,E,8,3,1,1,1,14,7.14,57.14,21.43,7.14,7.14
Granada,13,V,5,5,7,6,0,23,26.09,21.74,21.74,0.0,30.43
Granada,14,D,2,2,2,1,0,7,14.29,28.57,28.57,0.0,28.57
Granada,14,E,1,1,2,0,0,4,0.0,25.0,25.0,0.0,50.0
Granada,14,V,4,3,2,0,0,9,0.0,44.44,33.33,0.0,22.22
Granada,17,D,0,1,1,0,0,2,0.0,0.0,50.0,0.0,50.0
Granada,17,E,1,0,1,0,0,2,0.0,50.0,0.0,0.0,50.0
Granada,17,V,1,0,2,2,0,5,40.0,20.0,0.0,0.0,40.0
Granada,18,D,6,1,1,3,0,11,27.27,54.55,9.09,0.0,9.09
Granada,18,E,2,0,1,2,0,5,40.0,40.0,0.0,0.0,20.0
Granada,18,V,8,2,0,12,0,22,54.55,36.36,9.09,0.0,0.0
Granada,19,D,1,0,1,0,0,2,0.0,50.0,0.0,0.0,50.0
Granada,19,V,5,1,1,2,0,9,22.22,55.56,11.11,0.0,11.11
Leganes,3,V,0,1,1,0,0,2,0.0,0.0,50.0,0.0,50.0
Leganes,4,D,0,0,1,0,0,1,0.0,0.0,0.0,0.0,100.0
Leganes,4,E,1,0,0,0,0,1,0.0,100.0,0.0,0.0,0.0
Leganes,6,E,1,0,0,0,0,1,0.0,100.0,0.0,0.0,0.0
Leganes,6,V,1,0,0,0,0,1,0.0,100.0,0.0,0.0,0.0
Leganes,7,D,4,2,1,1,0,8,12.5,50.0,25.0,0.0,12.5
Leganes,7,E,1,3,4,0,0,8,0.0,12.5,37.5,0.0,50.0
Leganes,7,V,1,4,1,0,0,6,0.0,16.67,66.67,0.0,16.67
Leganes,8,D,9,3,3,0,0,15,0.0,60.0,20.0,0.0,20.0
Leganes,8,E,5,4,2,0,0,11,0.0,45.45,36.36,0.0,18.18
Leganes,8,V,0,1,3,0,0,4,0.0,0.0,25.0,0.0,75.0
Leganes,9,D,2,1,5,1,0,9,11.11,22.22,11.11,0.0,55.56
Leganes,9,E,3,3,2,0,0,8,0.0,37.5,37.5,0.0,25.0
Leganes,9,V,5,0,2,2,0,9,22.22,55.56,0.0,0.0,22.22
Leganes,10,D,1,0,1,0,0,2,0.0,50.0,0.0,0.0,50.0
Leganes,12,D,5,3,3,1,0,12,8.33,41.67,25.0,0.0,25.0
Leganes,12,E,4,4,3,1,0,12,8.33,33.33,33.33,0.0,25.0
Leganes,12,V,3,2,1,0,0,6,0.0,50.0,33.33,0.0,16.67
Leganes,13,D,18,4,15,0,0,37,0.0,48.65,10.81,0.0,40.54
Leganes,13,E,10,9,4,2,0,25,8.0,40.0,36.0,0.0,16.0
Leganes,13,V,6,2,1,2,0,11,18.18,54.55,18.18,0.0,9.09
Leganes,14,D,6,1,5,0,0,12,0.0,50.0,8.33,0.0,41.67
Leganes,14,E,2,3,4,1,0,10,10.0,20.0,30.0,0.0,40.0
Leganes,14,V,3,2,2,2,0,9,22.22,33.33,22.22,0.0,22.22
Leganes,17,D,3,2,1,0,1,7,0.0,42.86,28.57,14.29,14.29
Leganes,17,E,2,0,1,0,0,3,0.0,66.67,0.0,0.0,33.33
Leganes,18,D,2,2,5,2,0,11,18.18,18.18,18.18,0.0,45.45
Leganes,18,E,1,1,2,1,0,5,20.0,20.0,20.0,0.0,40.0
Leganes,18,V,1,0,4,1,1,7,14.29,14.29,0.0,14.29,57.14
Leganes,19,D,2,0,0,0,0,2,0.0,100.0,0.0,0.0,0.0
Leganes,19,E,0,1,1,2,0,4,50.0,0.0,25.0,0.0,25.0
Leganes,19,V,1,0,0,1,0,2,50.0,50.0,0.0,0.0,0.0
Levante,2,E,0,0,1,0,0,1,0.0,0.0,0.0,0.0,100.0
Levante,3,D,1,0,0,0,0,1,0.0,100.0,0.0,0.0,0.0
Levante,3,E,1,0,0,0,0,1,0.0,100.0,0.0,0.0,0.0
Levante,4,E,1,0,0,0,0,1,0.0,100.0,0.0,0.0,0.0
Levante,5,V,0,0,1,0,0,1,0.0,0.0,0.0,0.0,100.0
Levante,7,D,4,1,2,0,0,7,0.0,57.14,14.29,0.0,28.57
Levante,7,E,1,0,2,0,0,3,0.0,33.33,0.0,0.0,66.67
Levante,7,V,1,0,2,0,0,3,0.0,33.33,0.0,0.0,66.67
Levante,8,D,5,5,3,0,0,13,0.0,38.46,38.46,0.0,23.08
Levante,8,E,2,2,2,0,0,6,0.0,33.33,33.33,0.0,33.33
Levante,8,V,5,6,1,2,0,14,14.29,35.71,42.86,0.0,7.14
Levante,9,D,6,4,3,0,0,13,0.0,46.15,30.77,0.0,23.08
Levante,9,E,1,3,2,0,0,6,0.0,16.67,50.0,0.0,33.33
Levante,9,V,7,6,3,1,1,18,5.56,38.89,33.33,5.56,16.67
Levante,10,E,0,1,0,0,0,1,0.0,0.0,100.0,0.0,0.0
Levante,10,V,0,0,1,0,0,1,0.0,0.0,0.0,0.0,100.0
Levante,11,V,0,0,2,0,0,2,0.0,0.0,0.0,0.0,100.0
Levante,12,D,10,3,0,0,0,13,0.0,76.92,23.08,0.0,0.0
Levante,12,E,2,5,0,0,0,7,0.0,28.57,71.43,0.0,0.0
Levante,12,V,1,3,3,1,0,8,12.5,12.5,37.5,0.0,37.5
Levante,13,D,8,5,9,0,0,22,0.0,36.36,22.73,0.0,40.91
Levante,13,E,2,3,1,1,0,7,14.29,28.57,42.86,0.0,14.29
Levante,13,V,5,6,5,7,0,23,30.43,21.74,26.09,0.0,21.74
Levante,14,D,4,9,4,1,0,18,5.56,22.22,50.0,0.0,22.22
Levante,14,E,0,3,2,1,0,6,16.67,0.0,50.0,0.0,33.33
Levante,14,V,7,2,0,3,1,13,23.08,53.85,15.38,7.69,0.0
Levante,16,E,1,0,0,0,0,1,0.0,100.0,0.0,0.0,0.0
Levante,17,D,3,1,3,0,0,7,0.0,42.86,14.29,0.0,42.86
Levante,17,E,1,1,1,0,0,3,0.0,33.33,33.33,0.0,33.33
Levante,17,V,3,2,0,1,0,6,16.67,50.0,33.33,0.0,0.0
Levante,18,D,4,0,4,3,0,11,27.27,36.36,0.0,0.0,36.36
Levante,18,E,0,1,3,1,0,5,20.0,0.0,20.0,0.0,60.0
Levante,18,V,4,2,4,10,0,20,50.0,20.0,10.0,0.0,20.0
Levante,19,D,5,3,1,1,0,10,10.0,50.0,30.0,0.0,10.0
Levante,19,E,3,0,1,0,0,4,0.0,75.0,0.0,0.0,25.0
Levante,19,V,0,1,2,0,0,3,0.0,0.0,33.33,0.0,66.67
Mallorca,3,V,1,0,1,0,0,2,0.0,50.0,0.0,0.0,50.0
Mallorca,7,D,5,4,8,0,0,17,0.0,29.41,23.53,0.0,47.06
Mallorca,7,E,0,1,1,0,0,2,0.0,0.0,50.0,0.0,50.0
Mallorca,7,V,0,1,1,0,0,2,0.0,0.0,50.0,0.0,50.0
Mallorca,8,D,6,7,5,0,1,19,0.0,31.58,36.84,5.26,26.32
Mallorca,8,E,2,0,1,0,0,3,0.0,66.67,0.0,0.0,33.33
Mallorca,8,V,2,2,0,3,0,7,42.86,28.57,28.57,0.0,0.0
Mallorca,9,D,11,6,3,0,1,21,0.0,52.38,28.57,4.76,14.29
Mallorca,9,E,2,1,2,0,0,5,0.0,40.0,20.0,0.0,40.0
Mallorca,9,V,7,1,1,0,0,9,0.0,77.78,11.11,0.0,11.11
Mallorca,10,D,0,1,0,0,0,1,0.0,0.0,100.0,0.0,0.0
Mallorca,10,V,1,0,0,0,0,1,0.0,100.0,0.0,0.0,0.0
Mallorca,12,D,9,5,4,0,0,18,0.0,50.0,27.78,0.0,22.22
Mallorca,12,E,1,2,0,0,0,3,0.0,33.33,66.67,0.0,0.0
Mallorca,12,V,5,0,4,1,0,10,10.0,50.0,0.0,0.0,40.0
Mallorca,13,D,9,8,12,1,0,30,3.33,30.0,26.67,0.0,40.0
Mallorca,13,E,1,2,1,3,1,8,37.5,12.5,25.0,12.5,12.5
Mallorca,13,V,2,5,4,4,0,15,26.67,13.33,33.33,0.0,26.67
Mallorca,14,D,4,13,4,2,1,24,8.33,16.67,54.17,4.17,16.67
Mallorca,14,E,2,1,0,1,0,4,25.0,50.0,25.0,0.0,0.0
Mallorca,14,V,3,2,0,3,0,8,37.5,37.5,25.0,0.0,0.0
Mallorca,17,D,2,3,2,0,0,7,0.0,28.57,42.86,0.0,28.57
Mallorca,17,E,1,0,0,0,0,1,0.0,100.0,0.0,0.0,0.0
Mallorca,18,D,9,2,4,3,1,19,15.79,47.37,10.53,5.26,21.05
Mallorca,18,E,2,0,0,1,0,3,33.33,66.67,0.0,0.0,0.0
Mallorca,18,V,4,1,1,4,0,10,40.0,40.0,10.0,0.0,10.0
Mallorca,19,D,1,1,2,0,0,4,0.0,25.0,25.0,0.0,50.0
Mallorca,19,E,1,0,0,0,0,1,0.0,100.0,0.0,0.0,0.0
Osasuna,1,D,1,0,0,0,0,1,0.0,100.0,0.0,0.0,0.0
Osasuna,1,E,1,0,0,0,0,1,0.0,100.0,0.0,0.0,0.0
Osasuna,1,V,0,0,1,0,0,1,0.0,0.0,0.0,0.0,100.0
Osasuna,2,E,1,0,0,0,0,1,0.0,100.0,0.0,0.0,0.0
Osasuna,2,V,1,0,0,0,0,1,0.0,100.0,0.0,0.0,0.0
Osasuna,3,D,0,0,1,0,0,1,0.0,0.0,0.0,0.0,100.0
Osasuna,3,E,2,0,0,0,0,2,0.0,100.0,0.0,0.0,0.0
Osasuna,4,V,1,0,0,0,0,1,0.0,100.0,0.0,0.0,0.0
Osasuna,6,E,0,1,1,0,0,2,0.0,0.0,50.0,0.0,50.0
Osasuna,6,V,1,0,0,0,0,1,0.0,100.0,0.0,0.0,0.0
Osasuna,7,D,4,3,1,0,0,8,0.0,50.0,37.5,0.0,12.5
Osasuna,7,E,4,3,2,0,1,10,0.0,40.0,30.0,10.0,20.0
Osasuna,7,V,6,1,4,0,0,11,0.0,54.55,9.09,0.0,36.36
Osasuna,8,D,5,0,0,0,1,6,0.0,83.33,0.0,16.67,0.0
Osasuna,8,E,4,1,3,2,0,10,20.0,40.0,10.0,0.0,30.0
Osasuna,8,V,6,7,5,2,0,20,10.0,30.0,35.0,0.0,25.0
Osasuna,9,D,5,2,2,0,0,9,0.0,55.56,22.22,0.0,22.22
Osasuna,9,E,4,1,0,0,0,5,0.0,80.0,20.0,0.0,0.0
Osasuna,9,V,3,1,2,0,0,6,0.0,50.0,16.67,0.0,33.33
Osasuna,11,E,0,0,1,0,0,1,0.0,0.0,0.0,0.0,100.0
Osasuna,12,D,9,5,1,0,0,15,0.0,60.0,33.33,0.0,6.67
Osasuna,12,E,4,2,2,2,0,10,20.0,40.0,20.0,0.0,20.0
Osasuna,12,V,4,3,3,0,0,10,0.0,40.0,30.0,0.0,30.0
Osasuna,13,D,9,4,4,2,0,19,10.53,47.37,21.05,0.0,21.05
Osasuna,13,E,9,4,5,2,2,22,9.09,40.91,18.18,9.09,22.73
Osasuna,13,V,7,6,5,8,0,26,30.77,26.92,23.08,0.0,19.23
Osasuna,14,D,5,5,6,0,0,16,0.0,31.25,31.25,0.0,37.5
Osasuna,14,E,5,5,3,0,0,13,0.0,38.46,38.46,0.0,23.08
Osasuna,14,V,6,2,6,2,0,16,12.5,37.5,12.5,0.0,37.5
Osasuna,17,D,0,1,0,0,0,1,0.0,0.0,100.0,0.0,0.0
Osasuna,17,E,3,0,0,0,1,4,0.0,75.0,0.0,25.0,0.0
Osasuna,17,V,3,0,1,0,1,5,0.0,60.0,0.0,20.0,20.0
Osasuna,18,D,8,2,2,1,0,13,7.69,61.54,15.38,0.0,15.38
Osasuna,18,E,3,0,4,3,0,10,30.0,30.0,0.0,0.0,40.0
Osasuna,18,V,3,2,1,6,0,12,50.0,25.0,16.67,0.0,8.33
Osasuna,19,D,1,1,5,0,0,7,0.0,14.29,14.29,0.0,71.43
Osasuna,19,E,2,0,1,0,0,3,0.0,66.67,0.0,0.0,33.33
Osasuna,19,V,2,0,1,0,0,3,0.0,66.67,0.0,0.0,33.33
Real Betis,1,D,1,0,0,0,0,1,0.0,100.0,0.0,0.0,0.0
Real Betis,2,D,1,0,0,0,0,1,0.0,100.0,0.0,0.0,0.0
Real Betis,4,D,1,0,0,0,0,1,0.0,100.0,0.0,0.0,0.0
Real Betis,4,E,1,0,0,0,0,1,0.0,100.0,0.0,0.0,0.0
Real Betis,7,D,4,5,3,0,0,12,0.0,33.33,41.67,0.0,25.0
Real Betis,7,E,3,1,3,0,1,8,0.0,37.5,12.5,12.5,37.5
Real Betis,7,V,3,2,1,1,0,7,14.29,42.86,28.57,0.0,14.29
Real Betis,8,D,2,7,1,1,0,11,9.09,18.18,63.64,0.0,9.09
Real Betis,8,E,4,3,1,0,0,8,0.0,50.0,37.5,0.0,12.5
Real Betis,8,V,5,2,2,0,1,10,0.0,50.0,20.0,10.0,20.0
Real Betis,9,D,4,10,5,1,0,20,5.0,20.0,50.0,0.0,25.0
Real Betis,9,E,1,1,4,0,0,6,0.0,16.67,16.67,0.0,66.67
Real Betis,9,V,4,3,0,0,1,8,0.0,50.0,37.5,12.5,0.0
Real Betis,12,D,5,2,4,1,0,12,8.33,41.67,16.67,0.0,33.33
Real Betis,12,E,6,3,0,0,0,9,0.0,66.67,33.33,0.0,0.0
Real Betis,12,V,5,4,3,0,0,12,0.0,41.67,33.33,0.0,25.0
Real Betis,13,D,7,6,6,3,3,25,12.0,28.0,24.0,12.0,24.0
Real Betis,13,E,4,0,1,0,0,5,0.0,80.0,0.0,0.0,20.0
Real Betis,13,V,7,4,3,7,0,21,33.33,33.33,19.05,0.0,14.29
Real Betis,14,D,6,11,6,2,0,25,8.0,24.0,44.0,0.0,24.0
Real Betis,14,E,5,2,8,1,0,16,6.25,31.25,12.5,0.0,50.0
Real Betis,14,V,6,8,9,2,0,25,8.0,24.0,32.0,0.0,36.0
Real Betis,17,D,4,3,2,0,0,9,0.0,44.44,33.33,0.0,22.22
Real Betis,17,E,1,0,0,0,0,1,0.0,100.0,0.0,0.0,0.0
Real Betis,17,V,0,1,4,0,0,5,0.0,0.0,20.0,0.0,80.0
Real Betis,18,D,5,1,5,3,0,14,21.43,35.71,7.14,0.0,35.71
Real Betis,18,E,1,1,1,1,0,4,25.0,25.0,25.0,0.0,25.0
Real Betis,18,V,3,3,0,6,1,13,46.15,23.08,23.08,7.69,0.0
Real Betis,19,D,4,3,4,0,0,11,0.0,36.36,27.27,0.0,36.36
Real Betis,19,E,4,0,2,0,0,6,0.0,66.67,0.0,0.0,33.33
Real Betis,19,V,2,0,1,0,0,3,0.0,66.67,0.0,0.0,33.33
Real Madrid,1,V,0,0,1,0,0,1,0.0,0.0,0.0,0.0,100.0
Real Madrid,3,V,1,0,0,0,0,1,0.0,100.0,0.0,0.0,0.0
Real Madrid,7,D,1,0,2,0,0,3,0.0,33.33,0.0,0.0,66.67
Real Madrid,7,E,3,1,4,0,0,8,0.0,37.5,12.5,0.0,50.0
Real Madrid,7,V,2,3,6,0,0,11,0.0,18.18,27.27,0.0,54.55
Real Madrid,8,D,5,0,1,0,0,6,0.0,83.33,0.0,0.0,16.67
Real Madrid,8,E,6,2,3,1,0,12,8.33,50.0,16.67,0.0,25.0
Real Madrid,8,V,14,9,8,3,2,36,8.33,38.89,25.0,5.56,22.22
Real Madrid,9,D,3,0,2,0,0,5,0.0,60.0,0.0,0.0,40.0
Real Madrid,9,E,6,4,1,0,1,12,0.0,50.0,33.33,8.33,8.33
Real Madrid,9,V,12,3,10,1,1,27,3.7,44.44,11.11,3.7,37.04
Real Madrid,12,D,1,1,1,0,0,3,0.0,33.33,33.33,0.0,33.33
Real Madrid,12,E,1,2,3,2,0,8,25.0,12.5,25.0,0.0,37.5
Real Madrid,12,V,1,6,8,2,0,17,11.76,5.88,35.29,0.0,47.06
Real Madrid,13,D,1,0,1,0,0,2,0.0,50.0,0.0,0.0,50.0
Real Madrid,13,E,8,4,5,1,1,19,5.26,42.11,21.05,5.26,26.32
Real Madrid,13,V,14,6,18,12,0,50,24.0,28.0,12.0,0.0,36.0
Real Madrid,14,D,3,2,6,0,0,11,0.0,27.27,18.18,0.0,54.55
Real Madrid,14,E,4,2,1,0,0,7,0.0,57.14,28.57,0.0,14.29
Real Madrid,14,V,14,10,16,6,1,47,12.77,29.79,21.28,2.13,34.04
Real Madrid,15,V,0,1,0,0,0,1,0.0,0.0,100.0,0.0,0.0
Real Madrid,17,D,0,1,0,0,0,1,0.0,0.0,100.0,0.0,0.0
Real Madrid,17,E,6,0,2,0,0,8,0.0,75.0,0.0,0.0,25.0
Real Madrid,17,V,3,2,6,1,0,12,8.33,25.0,16.67,0.0,50.0
Real Madrid,18,D,1,1,0,0,0,2,0.0,50.0,50.0,0.0,0.0
Real Madrid,18,E,9,2,4,1,1,17,5.88,52.94,11.76,5.88,23.53
Real Madrid,18,V,6,2,6,14,0,28,50.0,21.43,7.14,0.0,21.43
Real Madrid,19,D,1,0,0,0,1,2,0.0,50.0,0.0,50.0,0.0
Real Madrid,19,E,1,0,5,0,1,7,0.0,14.29,0.0,14.29,71.43
Real Madrid,19,V,6,0,7,4,0,17,23.53,35.29,0.0,0.0,41.18
Real Sociedad,2,D,0,0,1,0,0,1,0.0,0.0,0.0,0.0,100.0
Real Sociedad,3,D,0,0,0,0,1,1,0.0,0.0,0.0,100.0,0.0
Real Sociedad,5,V,2,0,0,0,0,2,0.0,100.0,0.0,0.0,0.0
Real Sociedad,7,D,2,1,1,0,0,4,0.0,50.0,25.0,0.0,25.0
Real Sociedad,7,E,2,0,3,0,0,5,0.0,40.0,0.0,0.0,60.0
Real Sociedad,7,V,4,4,1,2,0,11,18.18,36.36,36.36,0.0,9.09
Real Sociedad,8,D,4,7,2,1,0,14,7.14,28.57,50.0,0.0,14.29
Real Sociedad,8,E,4,5,2,0,0,11,0.0,36.36,45.45,0.0,18.18
Real Sociedad,8,V,2,4,2,0,0,8,0.0,25.0,50.0,0.0,25.0
Real Sociedad,9,D,2,1,1,0,0,4,0.0,50.0,25.0,0.0,25.0
Real Sociedad,9,E,2,0,0,0,0,2,0.0,100.0,0.0,0.0,0.0
Real Sociedad,9,V,2,3,2,1,0,8,12.5,25.0,37.5,0.0,25.0
Real Sociedad,12,D,3,4,4,2,0,13,15.38,23.08,30.77,0.0,30.77
Real Sociedad,12,E,2,2,2,0,1,7,0.0,28.57,28.57,14.29,28.57
Real Sociedad,12,V,5,4,3,1,0,13,7.69,38.46,30.77,0.0,23.08
Real Sociedad,13,D,12,3,2,2,1,20,10.0,60.0,15.0,5.0,10.0
Real Sociedad,13,E,9,3,7,1,0,20,5.0,45.0,15.0,0.0,35.0
Real Sociedad,13,V,11,7,8,13,0,39,33.33,28.21,17.95,0.0,20.51
Real Sociedad,14,D,3,5,1,1,0,10,10.0,30.0,50.0,0.0,10.0
Real Sociedad,14,E,0,3,2,0,0,5,0.0,0.0,60.0,0.0,40.0
Real Sociedad,14,V,3,4,5,1,0,13,7.69,23.08,30.77,0.0,38.46
Real Sociedad,17,D,1,0,1,0,0,2,0.0,50.0,0.0,0.0,50.0
Real Sociedad,17,E,1,1,1,0,0,3,0.0,33.33,33.33,0.0,33.33
Real Sociedad,17,V,3,2,1,0,0,6,0.0,50.0,33.33,0.0,16.67
Real Sociedad,18,D,3,1,2,3,0,9,33.33,33.33,11.11,0.0,22.22
Real Sociedad,18,E,4,2,2,2,0,10,20.0,40.0,20.0,0.0,20.0
Real Sociedad,18,V,6,3,2,9,0,20,45.0,30.0,15.0,0.0,10.0
Real Sociedad,19,D,1,0,2,1,0,4,25.0,25.0,0.0,0.0,50.0
Real Sociedad,19,E,0,0,1,0,0,1,0.0,0.0,0.0,0.0,100.0
Real Sociedad,19,V,2,2,5,0,0,9,0.0,22.22,22.22,0.0,55.56
Real Valladolid,3,E,0,0,1,0,0,1,0.0,0.0,0.0,0.0,100.0
Real Valladolid,3,V,0,0,1,0,0,1,0.0,0.0,0.0,0.0,100.0
Real Valladolid,4,D,1,0,0,0,0,1,0.0,100.0,0.0,0.0,0.0
Real Valladolid,4,V,1,0,0,0,0,1,0.0,100.0,0.0,0.0,0.0
Real Valladolid,6,D,0,0,1,0,0,1,0.0,0.0,0.0,0.0,100.0
Real Valladolid,7,D,5,3,0,0,0,8,0.0,62.5,37.5,0.0,0.0
Real Valladolid,7,E,4,0,2,0,0,6,0.0,66.67,0.0,0.0,33.33
Real Valladolid,7,V,0,1,2,1,0,4,25.0,0.0,25.0,0.0,50.0
Real Valladolid,8,D,2,3,2,0,0,7,0.0,28.57,42.86,0.0,28.57
Real Valladolid,8,E,6,5,5,0,0,16,0.0,37.5,31.25,0.0,31.25
Real Valladolid,8,V,1,1,1,0,0,3,0.0,33.33,33.33,0.0,33.33
Real Valladolid,9,D,5,6,0,1,0,12,8.33,41.67,50.0,0.0,0.0
Real Valladolid,9,E,3,5,2,0,0,10,0.0,30.0,50.0,0.0,20.0
Real Valladolid,9,V,3,1,1,0,0,5,0.0,60.0,20.0,0.0,20.0
Real Valladolid,12,D,0,5,2,0,0,7,0.0,0.0,71.43,0.0,28.57
Real Valladolid,12,E,2,4,1,0,0,7,0.0,28.57,57.14,0.0,14.29
Real Valladolid,12,V,2,1,0,0,0,3,0.0,66.67,33.33,0.0,0.0
Real Valladolid,13,D,4,4,3,1,0,12,8.33,33.33,33.33,0.0,25.0
Real Valladolid,13,E,4,6,4,2,0,16,12.5,25.0,37.5,0.0,25.0
Real Valladolid,13,V,7,1,5,3,0,16,18.75,43.75,6.25,0.0,31.25
Real Valladolid,14,D,8,2,3,0,0,13,0.0,61.54,15.38,0.0,23.08
Real Valladolid,14,E,1,4,4,0,1,10,0.0,10.0,40.0,10.0,40.0
Real Valladolid,14,V,5,1,1,2,0,9,22.22,55.56,11.11,0.0,11.11
Real Valladolid,15,D,1,0,0,0,0,1,0.0,100.0,0.0,0.0,0.0
Real Valladolid,17,D,2,2,1,0,0,5,0.0,40.0,40.0,0.0,20.0
Real Valladolid,17,E,2,0,0,0,0,2,0.0,100.0,0.0,0.0,0.0
Real Valladolid,17,V,1,0,0,0,0,1,0.0,100.0,0.0,0.0,0.0
Real Valladolid,18,D,6,2,0,0,1,9,0.0,66.67,22.22,11.11,0.0
Real Valladolid,18,E,4,1,0,3,0,8,37.5,50.0,12.5,0.0,0.0
Real Valladolid,18,V,1,0,1,4,0,6,66.67,16.67,0.0,0.0,16.67
Real Valladolid,19,D,0,0,6,0,0,6,0.0,0.0,0.0,0.0,100.0
Real Valladolid,19,E,1,0,2,0,0,3,0.0,33.33,0.0,0.0,66.67
Real Valladolid,19,V,1,2,1,1,0,5,20.0,20.0,40.0,0.0,20.0
Real Valladolid,20,D,0,0,0,1,0,1,100.0,0.0,0.0,0.0,0.0
Sevilla,2,V,0,0,1,0,0,1,0.0,0.0,0.0,0.0,100.0
Sevilla,3,E,0,1,1,0,0,2,0.0,0.0,50.0,0.0,50.0
Sevilla,3,V,1,0,0,0,0,1,0.0,100.0,0.0,0.0,0.0
Sevilla,6,E,0,1,0,0,0,1,0.0,0.0,100.0,0.0,0.0
Sevilla,7,D,0,1,0,0,0,1,0.0,0.0,100.0,0.0,0.0
Sevilla,7,E,4,2,2,1,0,9,11.11,44.44,22.22,0.0,22.22
Sevilla,7,V,2,0,2,1,1,6,16.67,33.33,0.0,16.67,33.33
Sevilla,8,D,0,0,1,0,0,1,0.0,0.0,0.0,0.0,100.0
Sevilla,8,E,6,6,0,1,0,13,7.69,46.15,46.15,0.0,0.0
Sevilla,8,V,3,6,8,0,0,17,0.0,17.65,35.29,0.0,47.06
Sevilla,9,D,0,0,3,0,0,3,0.0,0.0,0.0,0.0,100.0
Sevilla,9,E,4,3,1,1,0,9,11.11,44.44,33.33,0.0,11.11
Sevilla,9,V,3,3,5,0,2,13,0.0,23.08,23.08,15.38,38.46
Sevilla,10,D,0,1,0,0,0,1,0.0,0.0,100.0,0.0,0.0
Sevilla,12,D,3,2,0,3,0,8,37.5,37.5,25.0,0.0,0.0
Sevilla,12,E,2,2,3,0,0,7,0.0,28.57,28.57,0.0,42.86
Sevilla,12,V,6,6,3,0,0,15,0.0,40.0,40.0,0.0,20.0
Sevilla,13,D,5,3,3,1,2,14,7.14,35.71,21.43,14.29,21.43
Sevilla,13,E,1,3,5,1,0,10,10.0,10.0,30.0,0.0,50.0
Sevilla,13,V,14,7,7,3,0,31,9.68,45.16,22.58,0.0,22.58
Sevilla,14,D,3,2,2,0,0,7,0.0,42.86,28.57,0.0,28.57
Sevilla,14,E,4,3,4,0,0,11,0.0,36.36,27.27,0.0,36.36
Sevilla,14,V,11,8,8,5,1,33,15.15,33.33,24.24,3.03,24.24
Sevilla,17,D,1,0,0,0,0,1,0.0,100.0,0.0,0.0,0.0
Sevilla,17,E,3,2,1,0,1,7,0.0,42.86,28.57,14.29,14.29
Sevilla,17,V,3,3,6,3,2,17,17.65,17.65,17.65,11.76,35.29
Sevilla,18,D,5,0,1,1,0,7,14.29,71.43,0.0,0.0,14.29
Sevilla,18,E,6,1,4,2,1,14,14.29,42.86,7.14,7.14,28.57
Sevilla,18,V,8,0,8,9,1,26,34.62,30.77,0.0,3.85,30.77
Sevilla,19,D,0,1,2,0,0,3,0.0,0.0,33.33,0.0,66.67
Sevilla,19,E,4,1,1,1,1,8,12.5,50.0,12.5,12.5,12.5
Sevilla,19,V,3,1,3,1,0,8,12.5,37.5,12.5,0.0,37.5
Valencia,2,D,1,0,0,0,0,1,0.0,100.0,0.0,0.0,0.0
Valencia,6,E,0,0,1,0,0,1,0.0,0.0,0.0,0.0,100.0
Valencia,7,D,1,4,2,0,0,7,0.0,14.29,57.14,0.0,28.57
Valencia,7,E,2,3,1,0,0,6,0.0,33.33,50.0,0.0,16.67
Valencia,7,V,3,1,3,1,0,8,12.5,37.5,12.5,0.0,37.5
Valencia,8,D,3,4,1,0,0,8,0.0,37.5,50.0,0.0,12.5
Valencia,8,E,4,2,2,1,0,9,11.11,44.44,22.22,0.0,22.22
Valencia,8,V,4,2,3,1,0,10,10.0,40.0,20.0,0.0,30.0
Valencia,9,D,2,1,0,0,0,3,0.0,66.67,33.33,0.0,0.0
Valencia,9,E,1,3,3,0,0,7,0.0,14.29,42.86,0.0,42.86
Valencia,9,V,0,2,1,1,0,4,25.0,0.0,50.0,0.0,25.0
Valencia,12,D,7,4,0,0,0,11,0.0,63.64,36.36,0.0,0.0
Valencia,12,E,3,2,1,0,0,6,0.0,50.0,33.33,0.0,16.67
Valencia,12,V,2,3,3,5,0,13,38.46,15.38,23.08,0.0,23.08
Valencia,13,D,8,2,2,1,0,13,7.69,61.54,15.38,0.0,15.38
Valencia,13,E,6,1,3,2,1,13,15.38,46.15,7.69,7.69,23.08
Valencia,13,V,7,6,6,4,0,23,17.39,30.43,26.09,0.0,26.09
Valencia,14,D,8,1,2,0,1,12,0.0,66.67,8.33,8.33,16.67
Valencia,14,E,3,0,3,0,0,6,0.0,50.0,0.0,0.0,50.0
Valencia,14,V,4,1,4,1,0,10,10.0,40.0,10.0,0.0,40.0
Valencia,17,E,0,1,0,0,1,2,0.0,0.0,50.0,50.0,0.0
Valencia,17,V,4,0,2,0,0,6,0.0,66.67,0.0,0.0,33.33
Valencia,18,D,3,2,0,4,0,9,44.44,33.33,22.22,0.0,0.0
Valencia,18,E,3,0,2,4,0,9,44.44,33.33,0.0,0.0,22.22
Valencia,18,V,6,0,1,6,0,13,46.15,46.15,0.0,0.0,7.69
Valencia,19,E,0,0,1,0,0,1,0.0,0.0,0.0,0.0,100.0
Valencia,19,V,1,0,0,1,0,2,50.0,50.0,0.0,0.0,0.0
Villarreal,2,D,1,0,0,0,0,1,0.0,100.0,0.0,0.0,0.0
Villarreal,2,V,1,0,0,0,0,1,0.0,100.0,0.0,0.0,0.0
Villarreal,3,E,1,0,0,0,0,1,0.0,100.0,0.0,0.0,0.0
Villarreal,3,V,0,1,0,0,0,1,0.0,0.0,100.0,0.0,0.0
Villarreal,5,E,0,0,1,0,0,1,0.0,0.0,0.0,0.0,100.0
Villarreal,6,E,0,0,1,0,0,1,0.0,0.0,0.0,0.0,100.0
Villarreal,7,D,6,4,4,0,0,14,0.0,42.86,28.57,0.0,28.57
Villarreal,7,E,1,1,1,0,0,3,0.0,33.33,33.33,0.0,33.33
Villarreal,7,V,5,4,1,0,1,11,0.0,45.45,36.36,9.09,9.09
Villarreal,8,D,8,7,7,1,2,25,4.0,32.0,28.0,8.0,28.0
Villarreal,8,E,2,1,4,1,0,8,12.5,25.0,12.5,0.0,50.0
Villarreal,8,V,7,4,2,2,0,15,13.33,46.67,26.67,0.0,13.33
Villarreal,9,D,6,0,4,0,0,10,0.0,60.0,0.0,0.0,40.0
Villarreal,9,E,1,2,1,0,0,4,0.0,25.0,50.0,0.0,25.0
Villarreal,9,V,8,7,1,0,0,16,0.0,50.0,43.75,0.0,6.25
Villarreal,12,D,4,2,3,1,0,10,10.0,40.0,20.0,0.0,30.0
Villarreal,12,E,3,1,1,0,0,5,0.0,60.0,20.0,0.0,20.0
Villarreal,12,V,3,5,7,4,0,19,21.05,15.79,26.32,0.0,36.84
Villarreal,13,D,18,6,5,4,0,33,12.12,54.55,18.18,0.0,15.15
Villarreal,13,E,3,2,2,3,0,10,30.0,30.0,20.0,0.0,20.0
Villarreal,13,V,12,6,10,8,1,37,21.62,32.43,16.22,2.7,27.03
Villarreal,14,D,10,7,3,0,0,20,0.0,50.0,35.0,0.0,15.0
Villarreal,14,E,1,0,4,1,0,6,16.67,16.67,0.0,0.0,66.67
Villarreal,14,V,3,6,5,2,0,16,12.5,18.75,37.5,0.0,31.25
Villarreal,17,D,1,0,1,0,0,2,0.0,50.0,0.0,0.0,50.0
Villarreal,17,E,1,0,0,0,0,1,0.0,100.0,0.0,0.0,0.0
Villarreal,17,V,2,2,0,1,0,5,20.0,40.0,40.0,0.0,0.0
Villarreal,18,D,7,1,4,3,0,15,20.0,46.67,6.67,0.0,26.67
Villarreal,18,E,1,0,1,1,0,3,33.33,33.33,0.0,0.0,33.33
Villarreal,18,V,8,2,4,12,1,27,44.44,29.63,7.41,3.7,14.81
Villarreal,19,D,4,3,4,0,1,12,0.0,33.33,25.0,8.33,33.33
Villarreal,19,E,0,2,2,0,0,4,0.0,0.0,50.0,0.0,50.0
Villarreal,19,V,1,0,2,1,0,4,25.0,25.0,0.0,0.0,50.0
